x,y,z
-5,-5,-0.06498381952134752
-4.7,-5,-0.1429586699798528
-4.4,-5,0.18340983192560273
-4.1,-5,-0.4945252361650123
-3.8,-5,-0.71627528663193
-3.5,-5,-0.47411227495453234
-3.2,-5,-1.0647241954939775
-2.9,-5,-1.7653934352758238
-2.6,-5,-1.7328324559391861
-2.3000000000000003,-5,-1.7513252080460475
-2,-5,-1.2859926846732785
-1.7000000000000002,-5,-1.523564075181719
-1.4000000000000004,-5,-1.4335126278619015
-1.1,-5,-1.3911776849790451
-0.7999999999999998,-5,-1.4175914026522265
-0.5,-5,-0.506988022131339
-0.20000000000000018,-5,-0.6636066840090862
0.09999999999999964,-5,-1.1637140738833311
0.39999999999999947,-5,-0.12867028977838885
0.7000000000000002,-5,-0.26429484526110864
1,-5,-0.25663464176014267
1.2999999999999998,-5,0.14336813198223786
1.5999999999999996,-5,-0.003429095066558918
1.8999999999999995,-5,0.12639915432462898
2.1999999999999993,-5,0.14099891591922964
2.5,-5,-0.25035418726065417
2.8,-5,0.3820084175691656
3.0999999999999996,-5,0.006742572293054382
3.4000000000000004,-5,-0.5858705322951794
3.6999999999999993,-5,-0.09690287664840058
4,-5,-0.5840784978481479
4.299999999999999,-5,-1.0361633781768604
4.6,-5,-0.8978752299058288
4.9,-5,-1.092349863334505
-5,-4.7,0.18847400801326203
-4.7,-4.7,-0.028472537827141875
-4.4,-4.7,-0.27918655718015817
-4.1,-4.7,-0.6954104576877019
-3.8,-4.7,-1.0080095972244891
-3.5,-4.7,-1.2639322622455318
-3.2,-4.7,-1.5725703418891923
-2.9,-4.7,-1.6094094392220435
-2.6,-4.7,-2.0675546967639082
-2.3000000000000003,-4.7,-1.1280990183368065
-2,-4.7,-1.4519878153359205
-1.7000000000000002,-4.7,-2.1295999891822333
-1.4000000000000004,-4.7,-1.8357687045521403
-1.1,-4.7,-1.7255382967718473
-0.7999999999999998,-4.7,-1.1780087176474088
-0.5,-4.7,-1.2292318740361117
-0.20000000000000018,-4.7,-0.898125464201732
0.09999999999999964,-4.7,-0.7434521444213508
0.39999999999999947,-4.7,-0.5130973883571897
0.7000000000000002,-4.7,0.12696407133930848
1,-4.7,-0.1651780165841698
1.2999999999999998,-4.7,0.502542596786288
1.5999999999999996,-4.7,-0.32141279276575374
1.8999999999999995,-4.7,0.3592914570804915
2.1999999999999993,-4.7,0.20450777850509042
2.5,-4.7,0.15927708566296123
2.8,-4.7,0.08340495812647249
3.0999999999999996,-4.7,-0.35112558991299125
3.4000000000000004,-4.7,-0.5055508572147214
3.6999999999999993,-4.7,-0.9397791588238056
4,-4.7,-1.1947143231561657
4.299999999999999,-4.7,-1.017742531780202
4.6,-4.7,-1.1931091855528078
4.9,-4.7,-1.5010478324975667
-5,-4.4,0.10422853032772639
-4.7,-4.4,0.2655093980727634
-4.4,-4.4,-0.7071225966166061
-4.1,-4.4,-1.48403900076514
-3.8,-4.4,-0.728950634322048
-3.5,-4.4,-1.4770025842747456
-3.2,-4.4,-1.6850122267114567
-2.9,-4.4,-1.353814238465365
-2.6,-4.4,-1.8878190869669422
-2.3000000000000003,-4.4,-2.259452515172932
-2,-4.4,-1.8744367644608833
-1.7000000000000002,-4.4,-1.948786216511153
-1.4000000000000004,-4.4,-1.827625391750662
-1.1,-4.4,-1.5844089639051933
-0.7999999999999998,-4.4,-1.6376476562442377
-0.5,-4.4,-1.1253595830971237
-0.20000000000000018,-4.4,-1.1547183805039944
0.09999999999999964,-4.4,-0.7498049222002416
0.39999999999999947,-4.4,-0.2856359407832013
0.7000000000000002,-4.4,-0.2675135601730987
1,-4.4,-0.3096775901039683
1.2999999999999998,-4.4,0.27779230743454336
1.5999999999999996,-4.4,0.32681281173373766
1.8999999999999995,-4.4,0.23397502648388094
2.1999999999999993,-4.4,0.12451963232692788
2.5,-4.4,-0.20832860133025277
2.8,-4.4,0.26325745429929936
3.0999999999999996,-4.4,-0.49495782368254937
3.4000000000000004,-4.4,0.1361598622328667
3.6999999999999993,-4.4,-0.28887474959433296
4,-4.4,-1.058338456501846
4.299999999999999,-4.4,-1.5311787878517245
4.6,-4.4,-1.6551454818096367
4.9,-4.4,-1.55433538132797
-5,-4.1,-0.30764205232825703
-4.7,-4.1,-0.51496156618805
-4.4,-4.1,-0.9064815957325003
-4.1,-4.1,-0.8659794342689224
-3.8,-4.1,-1.3273263112511977
-3.5,-4.1,-1.8258077152298187
-3.2,-4.1,-1.653860376610928
-2.9,-4.1,-1.4469694454094948
-2.6,-4.1,-2.036174052387507
-2.3000000000000003,-4.1,-1.7720306835824113
-2,-4.1,-2.4753753996257273
-1.7000000000000002,-4.1,-1.984970176190151
-1.4000000000000004,-4.1,-1.7347152650909397
-1.1,-4.1,-1.6708298543464282
-0.7999999999999998,-4.1,-1.5559295672151823
-0.5,-4.1,-1.5720671288977366
-0.20000000000000018,-4.1,-1.404666494521794
0.09999999999999964,-4.1,-1.2177609273097747
0.39999999999999947,-4.1,-0.640576444351318
0.7000000000000002,-4.1,-0.7434931704320302
1,-4.1,-0.4202481263081509
1.2999999999999998,-4.1,-0.20486041451360903
1.5999999999999996,-4.1,0.520737477761414
1.8999999999999995,-4.1,-0.1873118106305277
2.1999999999999993,-4.1,0.0623333047256025
2.5,-4.1,-0.05775130240267822
2.8,-4.1,-0.4946780492520916
3.0999999999999996,-4.1,-0.397455152128841
3.4000000000000004,-4.1,-0.14785755689845165
3.6999999999999993,-4.1,-0.6743895002794754
4,-4.1,-1.0364412509271714
4.299999999999999,-4.1,-1.4111843462149278
4.6,-4.1,-2.1191804579153515
4.9,-4.1,-1.3531821088040263
-5,-3.8,-0.6762334293289778
-4.7,-3.8,-0.19312145236751602
-4.4,-3.8,-0.052671874049737055
-4.1,-3.8,-1.2900459843797725
-3.8,-3.8,-0.8857265890636482
-3.5,-3.8,-1.4084913003361046
-3.2,-3.8,-2.015842587530232
-2.9,-3.8,-2.1814756435242364
-2.6,-3.8,-2.348437734939354
-2.3000000000000003,-3.8,-2.1180988561629985
-2,-3.8,-2.4329441818997344
-1.7000000000000002,-3.8,-1.7663334739020276
-1.4000000000000004,-3.8,-1.264911663378263
-1.1,-3.8,-2.1516919250689828
-0.7999999999999998,-3.8,-1.355717690479298
-0.5,-3.8,-1.153549573367837
-0.20000000000000018,-3.8,-1.0545013362886704
0.09999999999999964,-3.8,-1.2174421918733893
0.39999999999999947,-3.8,-0.7161131247325396
0.7000000000000002,-3.8,-0.54777630598965
1,-3.8,-0.10859095249379275
1.2999999999999998,-3.8,-0.24417130294726988
1.5999999999999996,-3.8,0.2562639729354516
1.8999999999999995,-3.8,-0.10850801671398064
2.1999999999999993,-3.8,0.30312385345195864
2.5,-3.8,-0.4002995785335975
2.8,-3.8,-0.588574551702473
3.0999999999999996,-3.8,0.5918423349289736
3.4000000000000004,-3.8,-0.710687010135572
3.6999999999999993,-3.8,-0.7247793580030115
4,-3.8,-0.862247144576885
4.299999999999999,-3.8,-1.4339764034876497
4.6,-3.8,-1.3525545974211002
4.9,-3.8,-1.5863008338747395
-5,-3.5,-0.2500339976532381
-4.7,-3.5,-0.3428962328823206
-4.4,-3.5,-0.58300155824572
-4.1,-3.5,-0.16572090369257708
-3.8,-3.5,-1.2660411558671085
-3.5,-3.5,-1.606009370946962
-3.2,-3.5,-1.480241257344461
-2.9,-3.5,-1.5813095598659688
-2.6,-3.5,-1.6843982765031198
-2.3000000000000003,-3.5,-2.043714936634438
-2,-3.5,-2.2607937839015206
-1.7000000000000002,-3.5,-1.5411313902771275
-1.4000000000000004,-3.5,-1.94721789923123
-1.1,-3.5,-1.9726150783636398
-0.7999999999999998,-3.5,-1.6103016527133793
-0.5,-3.5,-1.3907934512818745
-0.20000000000000018,-3.5,-0.7685644603688122
0.09999999999999964,-3.5,-0.836886459040327
0.39999999999999947,-3.5,-0.4014396444971844
0.7000000000000002,-3.5,-0.560823747899453
1,-3.5,-0.16053265689465512
1.2999999999999998,-3.5,-0.17722388687257037
1.5999999999999996,-3.5,0.044168578072638055
1.8999999999999995,-3.5,-0.21212120408633778
2.1999999999999993,-3.5,-0.3533084835294313
2.5,-3.5,0.5662391015814133
2.8,-3.5,0.022306231517487146
3.0999999999999996,-3.5,-0.7032294913504298
3.4000000000000004,-3.5,-0.7163579460007676
3.6999999999999993,-3.5,-1.117270098153618
4,-3.5,-0.3409533794311226
4.299999999999999,-3.5,-0.8424967601541724
4.6,-3.5,-1.5345351650332877
4.9,-3.5,-1.4814104116298372
-5,-3.2,-0.20308826619913758
-4.7,-3.2,-0.3987246477873383
-4.4,-3.2,-0.7027286699420031
-4.1,-3.2,-0.8760080900980344
-3.8,-3.2,-0.4417345232470027
-3.5,-3.2,-1.1867853648129447
-3.2,-3.2,-1.349170642630259
-2.9,-3.2,-1.494713992281932
-2.6,-3.2,-1.3389789930933231
-2.3000000000000003,-3.2,-1.95439092256729
-2,-3.2,-2.1329145252905244
-1.7000000000000002,-3.2,-1.3107442998457675
-1.4000000000000004,-3.2,-1.8680381843794986
-1.1,-3.2,-1.8232474470123392
-0.7999999999999998,-3.2,-1.8036661541587877
-0.5,-3.2,-1.6104218361353975
-0.20000000000000018,-3.2,-1.1670990275350501
0.09999999999999964,-3.2,-0.5702783380122769
0.39999999999999947,-3.2,-0.188067774836375
0.7000000000000002,-3.2,-0.09212607305984796
1,-3.2,-0.22732987536046087
1.2999999999999998,-3.2,0.044740431327310634
1.5999999999999996,-3.2,-0.08895185594620397
1.8999999999999995,-3.2,-0.052044081628027955
2.1999999999999993,-3.2,0.4119606896992867
2.5,-3.2,-0.23096912388678942
2.8,-3.2,0.5353153376007515
3.0999999999999996,-3.2,-0.24831039751545161
3.4000000000000004,-3.2,-0.3620129594706261
3.6999999999999993,-3.2,-0.8765508206590465
4,-3.2,-1.0662795274879688
4.299999999999999,-3.2,-1.5246919292385477
4.6,-3.2,-1.4032357009989493
4.9,-3.2,-1.4120403443848744
-5,-2.9,0.17303791804918972
-4.7,-2.9,-0.3357786288948348
-4.4,-2.9,-0.5482015132188754
-4.1,-2.9,-0.6937496287387839
-3.8,-2.9,-0.3336556658698491
-3.5,-2.9,-1.3572351168627805
-3.2,-2.9,-1.2841267952483382
-2.9,-2.9,-0.8425787780337259
-2.6,-2.9,-1.5844813256133115
-2.3000000000000003,-2.9,-2.0529910878060185
-2,-2.9,-1.8800603141308763
-1.7000000000000002,-2.9,-1.5132824892710055
-1.4000000000000004,-2.9,-1.6938371841845896
-1.1,-2.9,-1.6203576684710568
-0.7999999999999998,-2.9,-1.381426492108082
-0.5,-2.9,-1.0433252286740367
-0.20000000000000018,-2.9,-0.36082145577765085
0.09999999999999964,-2.9,-0.6277107201796452
0.39999999999999947,-2.9,-0.04224947104557991
0.7000000000000002,-2.9,0.03935655210890099
1,-2.9,0.002208241740528104
1.2999999999999998,-2.9,-0.27852225413099363
1.5999999999999996,-2.9,0.12062478451631639
1.8999999999999995,-2.9,0.17069312752688823
2.1999999999999993,-2.9,0.31524476645892424
2.5,-2.9,0.6183011496185754
2.8,-2.9,0.7911837367265958
3.0999999999999996,-2.9,0.39759269499369004
3.4000000000000004,-2.9,-0.31178700013381894
3.6999999999999993,-2.9,-1.0274178312802102
4,-2.9,-0.8560639831562555
4.299999999999999,-2.9,-0.9482920260007313
4.6,-2.9,-0.9403212866426451
4.9,-2.9,-1.0944437786926768
-5,-2.6,0.4746132217985082
-4.7,-2.6,-0.32632620954545644
-4.4,-2.6,0.1368517699001247
-4.1,-2.6,-0.4834833999912991
-3.8,-2.6,-0.5364592786025845
-3.5,-2.6,-0.8001048993381437
-3.2,-2.6,-0.908387509270334
-2.9,-2.6,-1.212311051516769
-2.6,-2.6,-1.8608576111175748
-2.3000000000000003,-2.6,-1.2305163090547748
-2,-2.6,-1.3712477348709617
-1.7000000000000002,-2.6,-1.5450421923531423
-1.4000000000000004,-2.6,-1.3521391911968603
-1.1,-2.6,-1.2180093876227898
-0.7999999999999998,-2.6,-1.0183717031284507
-0.5,-2.6,-0.3846465948497641
-0.20000000000000018,-2.6,-0.7125154226286482
0.09999999999999964,-2.6,-0.3571477931997896
0.39999999999999947,-2.6,0.17759962020248599
0.7000000000000002,-2.6,0.3599584025995999
1,-2.6,0.5734529216792706
1.2999999999999998,-2.6,0.20168172459111194
1.5999999999999996,-2.6,1.0712785770427145
1.8999999999999995,-2.6,0.5312383029202785
2.1999999999999993,-2.6,1.054727768215318
2.5,-2.6,0.016544518682108877
2.8,-2.6,0.3031288986563321
3.0999999999999996,-2.6,0.5018665267621171
3.4000000000000004,-2.6,-0.2928405888291813
3.6999999999999993,-2.6,-0.5326925249054486
4,-2.6,-0.8274178568440076
4.299999999999999,-2.6,-1.0972343985515476
4.6,-2.6,-1.1313992696442023
4.9,-2.6,-1.0902746391774705
-5,-2.3000000000000003,-0.11342452967726835
-4.7,-2.3000000000000003,0.37736845213145004
-4.4,-2.3000000000000003,0.474479596860468
-4.1,-2.3000000000000003,0.4832741971343768
-3.8,-2.3000000000000003,0.02297093573459369
-3.5,-2.3000000000000003,-0.3739195966260968
-3.2,-2.3000000000000003,-1.3333384317704058
-2.9,-2.3000000000000003,-1.1786473320412667
-2.6,-2.3000000000000003,-1.244710792091282
-2.3000000000000003,-2.3000000000000003,-1.0188897009343605
-2,-2.3000000000000003,-1.297238878851618
-1.7000000000000002,-2.3000000000000003,-1.6214230664623484
-1.4000000000000004,-2.3000000000000003,-0.6607336053572512
-1.1,-2.3000000000000003,-0.763285366969161
-0.7999999999999998,-2.3000000000000003,-0.7919302352240649
-0.5,-2.3000000000000003,-0.2899496348198878
-0.20000000000000018,-2.3000000000000003,-0.8269143683937183
0.09999999999999964,-2.3000000000000003,0.012196907697131915
0.39999999999999947,-2.3000000000000003,-0.10827102788688975
0.7000000000000002,-2.3000000000000003,0.4703459788671166
1,-2.3000000000000003,0.4331456288925199
1.2999999999999998,-2.3000000000000003,0.7863285655437929
1.5999999999999996,-2.3000000000000003,1.092707269198062
1.8999999999999995,-2.3000000000000003,0.7349332954616721
2.1999999999999993,-2.3000000000000003,1.0214580326142657
2.5,-2.3000000000000003,0.28680334067230745
2.8,-2.3000000000000003,0.301870717344635
3.0999999999999996,-2.3000000000000003,0.8041756956131846
3.4000000000000004,-2.3000000000000003,0.25646668597021505
3.6999999999999993,-2.3000000000000003,-0.7010344538448662
4,-2.3000000000000003,-0.7335492546612732
4.299999999999999,-2.3000000000000003,-0.6201964927012842
4.6,-2.3000000000000003,-0.5189993616643577
4.9,-2.3000000000000003,-0.9986751410543531
-5,-2,0.9148592146128351
-4.7,-2,0.8382402887638019
-4.4,-2,0.8415578849020704
-4.1,-2,0.12557136495242663
-3.8,-2,-0.14621208047216036
-3.5,-2,-0.8901588801998743
-3.2,-2,-0.5487566805020668
-2.9,-2,-0.9329859837002094
-2.6,-2,-1.1945353766500326
-2.3000000000000003,-2,-1.047154387767999
-2,-2,-0.7242901735196966
-1.7000000000000002,-2,-1.6048886713431796
-1.4000000000000004,-2,-1.0574837506394226
-1.1,-2,-0.7649472161254462
-0.7999999999999998,-2,-0.8943572346801667
-0.5,-2,-0.3184469818601718
-0.20000000000000018,-2,-0.06508875273081571
0.09999999999999964,-2,0.04080432388508608
0.39999999999999947,-2,-0.4544024198131796
0.7000000000000002,-2,1.2734241193795859
1,-2,0.626566791357774
1.2999999999999998,-2,1.0285626894183506
1.5999999999999996,-2,1.0109462852989004
1.8999999999999995,-2,1.2769125921197992
2.1999999999999993,-2,1.198252628748556
2.5,-2,0.8171599531558402
2.8,-2,0.8685667344456834
3.0999999999999996,-2,0.30155208616725504
3.4000000000000004,-2,0.6370915506405237
3.6999999999999993,-2,0.013085243927638351
4,-2,0.6374583404075943
4.299999999999999,-2,-0.818512503423312
4.6,-2,-0.6811650025468168
4.9,-2,-0.4837318522043219
-5,-1.7000000000000002,1.1190809252629463
-4.7,-1.7000000000000002,0.6121325520656621
-4.4,-1.7000000000000002,0.2796454017736398
-4.1,-1.7000000000000002,0.3905472445758549
-3.8,-1.7000000000000002,0.10352845562474315
-3.5,-1.7000000000000002,-0.6628338554437037
-3.2,-1.7000000000000002,-0.3297514503955519
-2.9,-1.7000000000000002,-0.46592368343109536
-2.6,-1.7000000000000002,-0.6114763945215449
-2.3000000000000003,-1.7000000000000002,-1.0712494430418336
-2,-1.7000000000000002,-0.6474949536592973
-1.7000000000000002,-1.7000000000000002,-0.35505489545612506
-1.4000000000000004,-1.7000000000000002,-0.5539908553311423
-1.1,-1.7000000000000002,-0.9021767541198531
-0.7999999999999998,-1.7000000000000002,-0.5186504163785445
-0.5,-1.7000000000000002,-0.07634859055114947
-0.20000000000000018,-1.7000000000000002,-0.14419323011830776
0.09999999999999964,-1.7000000000000002,-0.3581405406439917
0.39999999999999947,-1.7000000000000002,0.7890804725159992
0.7000000000000002,-1.7000000000000002,0.49158158032494714
1,-1.7000000000000002,0.7545266755604569
1.2999999999999998,-1.7000000000000002,1.522813075836118
1.5999999999999996,-1.7000000000000002,0.9350110472990225
1.8999999999999995,-1.7000000000000002,1.4616682719237906
2.1999999999999993,-1.7000000000000002,0.8131881193834052
2.5,-1.7000000000000002,1.0121733717949075
2.8,-1.7000000000000002,0.9714877852348957
3.0999999999999996,-1.7000000000000002,0.47301749636982415
3.4000000000000004,-1.7000000000000002,0.42802835609076323
3.6999999999999993,-1.7000000000000002,0.38118246790715804
4,-1.7000000000000002,0.352073313084018
4.299999999999999,-1.7000000000000002,-0.5799236095516809
4.6,-1.7000000000000002,-0.40845691322768496
4.9,-1.7000000000000002,-0.2659856912757417
-5,-1.4000000000000004,1.0308421935913623
-4.7,-1.4000000000000004,1.0836082205073376
-4.4,-1.4000000000000004,0.9527919758405188
-4.1,-1.4000000000000004,0.6539988181474437
-3.8,-1.4000000000000004,0.5302417638015244
-3.5,-1.4000000000000004,0.0638816978275932
-3.2,-1.4000000000000004,-0.23777594422805046
-2.9,-1.4000000000000004,-1.089493683362233
-2.6,-1.4000000000000004,-0.4653328387746462
-2.3000000000000003,-1.4000000000000004,-0.39921514096774013
-2,-1.4000000000000004,-0.40327150450434834
-1.7000000000000002,-1.4000000000000004,-0.7087656615525799
-1.4000000000000004,-1.4000000000000004,0.06943287703275153
-1.1,-1.4000000000000004,-0.24912910673361002
-0.7999999999999998,-1.4000000000000004,-0.12361823754801443
-0.5,-1.4000000000000004,0.427944137808617
-0.20000000000000018,-1.4000000000000004,0.060824373266687964
0.09999999999999964,-1.4000000000000004,0.3804955530684707
0.39999999999999947,-1.4000000000000004,1.4694847509077582
0.7000000000000002,-1.4000000000000004,0.9702074003638617
1,-1.4000000000000004,1.6431090635987267
1.2999999999999998,-1.4000000000000004,0.8665346800456935
1.5999999999999996,-1.4000000000000004,1.3365432659530663
1.8999999999999995,-1.4000000000000004,1.5479197613433444
2.1999999999999993,-1.4000000000000004,1.5078483269760699
2.5,-1.4000000000000004,1.0432889952491426
2.8,-1.4000000000000004,1.2257761537487433
3.0999999999999996,-1.4000000000000004,0.7268305081488291
3.4000000000000004,-1.4000000000000004,1.0587076135220135
3.6999999999999993,-1.4000000000000004,0.9417112411291391
4,-1.4000000000000004,-0.290188006097092
4.299999999999999,-1.4000000000000004,0.5123921725511876
4.6,-1.4000000000000004,-0.4494002101215589
4.9,-1.4000000000000004,-0.13003306175930401
-5,-1.1,1.5919244309492908
-4.7,-1.1,1.1569223934968935
-4.4,-1.1,0.8130579156851202
-4.1,-1.1,0.8247133178424221
-3.8,-1.1,0.6673787680963145
-3.5,-1.1,0.567153840027287
-3.2,-1.1,-0.5279053873991318
-2.9,-1.1,-0.5859940802493786
-2.6,-1.1,0.19313886704751865
-2.3000000000000003,-1.1,-0.012843197820403773
-2,-1.1,-0.23183577417062026
-1.7000000000000002,-1.1,-0.12615993610341794
-1.4000000000000004,-1.1,0.01220317731437609
-1.1,-1.1,-0.9318645742400934
-0.7999999999999998,-1.1,0.3730388318278341
-0.5,-1.1,0.10223652292123225
-0.20000000000000018,-1.1,0.5470179867736946
0.09999999999999964,-1.1,0.6285184979026794
0.39999999999999947,-1.1,1.2133071910383209
0.7000000000000002,-1.1,1.0637956074327803
1,-1.1,1.5100583648645773
1.2999999999999998,-1.1,1.3823498778502248
1.5999999999999996,-1.1,1.2673308417573534
1.8999999999999995,-1.1,1.9988644413062426
2.1999999999999993,-1.1,1.841575464718481
2.5,-1.1,2.063727242771198
2.8,-1.1,1.4410132490567915
3.0999999999999996,-1.1,1.589026225752744
3.4000000000000004,-1.1,1.6389910300763204
3.6999999999999993,-1.1,0.7333027775811236
4,-1.1,0.18189166694443554
4.299999999999999,-1.1,0.2713473616415782
4.6,-1.1,0.06016946484724177
4.9,-1.1,-0.01949099317942963
-5,-0.7999999999999998,2.0725897463880054
-4.7,-0.7999999999999998,1.2839907878614312
-4.4,-0.7999999999999998,1.2834381131702448
-4.1,-0.7999999999999998,0.8717564056868602
-3.8,-0.7999999999999998,0.7068129841252007
-3.5,-0.7999999999999998,0.5613249067802667
-3.2,-0.7999999999999998,0.6512047302682624
-2.9,-0.7999999999999998,0.10625982710127455
-2.6,-0.7999999999999998,0.14281547438611022
-2.3000000000000003,-0.7999999999999998,0.07177077066690496
-2,-0.7999999999999998,0.07695413609947782
-1.7000000000000002,-0.7999999999999998,-0.3480872102063386
-1.4000000000000004,-0.7999999999999998,0.3900596799661906
-1.1,-0.7999999999999998,-0.08293014280288052
-0.7999999999999998,-0.7999999999999998,0.17316506622697514
-0.5,-0.7999999999999998,0.8338924958898934
-0.20000000000000018,-0.7999999999999998,1.0310027231137207
0.09999999999999964,-0.7999999999999998,0.5550128901300937
0.39999999999999947,-0.7999999999999998,0.8547410183751711
0.7000000000000002,-0.7999999999999998,0.925858237993992
1,-0.7999999999999998,1.574006006569765
1.2999999999999998,-0.7999999999999998,1.7139522455031708
1.5999999999999996,-0.7999999999999998,1.8693460243800364
1.8999999999999995,-0.7999999999999998,1.966453216125443
2.1999999999999993,-0.7999999999999998,1.6036822212264064
2.5,-0.7999999999999998,1.41328360738036
2.8,-0.7999999999999998,1.894447199791184
3.0999999999999996,-0.7999999999999998,1.6417884064719013
3.4000000000000004,-0.7999999999999998,0.7585599663576992
3.6999999999999993,-0.7999999999999998,0.95414779052374
4,-0.7999999999999998,0.47493726762976296
4.299999999999999,-0.7999999999999998,-0.11312787569386362
4.6,-0.7999999999999998,0.3343624898850122
4.9,-0.7999999999999998,0.07618595637591043
-5,-0.5,1.648652709056889
-4.7,-0.5,1.565644954271998
-4.4,-0.5,1.5552415018663388
-4.1,-0.5,1.120706112619128
-3.8,-0.5,0.6347122548242248
-3.5,-0.5,0.3656330682705961
-3.2,-0.5,0.33216471966340455
-2.9,-0.5,0.28183464594631913
-2.6,-0.5,-0.2639760913152438
-2.3000000000000003,-0.5,-0.09821466280227814
-2,-0.5,0.2116675690117541
-1.7000000000000002,-0.5,-0.08928763580277699
-1.4000000000000004,-0.5,-0.18856564845193705
-1.1,-0.5,0.06753856457625389
-0.7999999999999998,-0.5,0.6582601162490871
-0.5,-0.5,0.6966558400584754
-0.20000000000000018,-0.5,1.1327455274131206
0.09999999999999964,-0.5,1.0427050451205888
0.39999999999999947,-0.5,1.35871008356613
0.7000000000000002,-0.5,1.2847101182193288
1,-0.5,1.8200282855815075
1.2999999999999998,-0.5,1.6315651585894515
1.5999999999999996,-0.5,1.4529072028833867
1.8999999999999995,-0.5,1.9581690276837058
2.1999999999999993,-0.5,2.486970676459934
2.5,-0.5,2.070632722700485
2.8,-0.5,2.0549529360711833
3.0999999999999996,-0.5,1.6430919687365424
3.4000000000000004,-0.5,1.1477080101800345
3.6999999999999993,-0.5,1.0409850053640335
4,-0.5,0.7807124185317275
4.299999999999999,-0.5,0.4864527476526918
4.6,-0.5,0.6195418718260763
4.9,-0.5,-0.14029434543754415
-5,-0.20000000000000018,2.0039396183173874
-4.7,-0.20000000000000018,1.826211226972138
-4.4,-0.20000000000000018,0.9970815341994799
-4.1,-0.20000000000000018,1.3170407500170138
-3.8,-0.20000000000000018,1.6148772927623773
-3.5,-0.20000000000000018,0.4850744886372398
-3.2,-0.20000000000000018,0.6913431193709222
-2.9,-0.20000000000000018,0.02033528565955442
-2.6,-0.20000000000000018,0.44730772932895074
-2.3000000000000003,-0.20000000000000018,0.09819170320114759
-2,-0.20000000000000018,0.4832282978210712
-1.7000000000000002,-0.20000000000000018,-0.428328537620764
-1.4000000000000004,-0.20000000000000018,0.07173747536151347
-1.1,-0.20000000000000018,0.0584108516389783
-0.7999999999999998,-0.20000000000000018,0.3308523812903452
-0.5,-0.20000000000000018,0.40893531826117496
-0.20000000000000018,-0.20000000000000018,0.5777560026008806
0.09999999999999964,-0.20000000000000018,1.2407586897297345
0.39999999999999947,-0.20000000000000018,0.9755196297686664
0.7000000000000002,-0.20000000000000018,1.9636227607633954
1,-0.20000000000000018,1.3487213986810245
1.2999999999999998,-0.20000000000000018,1.8799552560375492
1.5999999999999996,-0.20000000000000018,2.105139929712796
1.8999999999999995,-0.20000000000000018,2.1619580290789973
2.1999999999999993,-0.20000000000000018,1.8788576013533316
2.5,-0.20000000000000018,1.920375308799829
2.8,-0.20000000000000018,2.05992245400295
3.0999999999999996,-0.20000000000000018,1.1646617660584109
3.4000000000000004,-0.20000000000000018,1.1619195395880193
3.6999999999999993,-0.20000000000000018,1.2639442455648433
4,-0.20000000000000018,0.7954185464469494
4.299999999999999,-0.20000000000000018,1.1042301691513599
4.6,-0.20000000000000018,0.6764341350263542
4.9,-0.20000000000000018,0.30673102036924793
-5,0.09999999999999964,1.3012770063495436
-4.7,0.09999999999999964,1.5843699716292352
-4.4,0.09999999999999964,1.271317904387999
-4.1,0.09999999999999964,1.104063619517667
-3.8,0.09999999999999964,0.5409159518693119
-3.5,0.09999999999999964,0.8114109692956921
-3.2,0.09999999999999964,0.13575933778338328
-2.9,0.09999999999999964,0.196703667839645
-2.6,0.09999999999999964,0.23809647563050867
-2.3000000000000003,0.09999999999999964,-0.20223602655374304
-2,0.09999999999999964,0.17212552496513359
-1.7000000000000002,0.09999999999999964,-0.3760160166282046
-1.4000000000000004,0.09999999999999964,-0.7462311395620481
-1.1,0.09999999999999964,0.36555322463940587
-0.7999999999999998,0.09999999999999964,0.6517682130285274
-0.5,0.09999999999999964,0.5216297369165538
-0.20000000000000018,0.09999999999999964,0.9887213760658558
0.09999999999999964,0.09999999999999964,0.7299414427466905
0.39999999999999947,0.09999999999999964,1.273223684871038
0.7000000000000002,0.09999999999999964,0.9455323914113176
1,0.09999999999999964,2.0685120646336985
1.2999999999999998,0.09999999999999964,2.417179192008906
1.5999999999999996,0.09999999999999964,2.2770212446764413
1.8999999999999995,0.09999999999999964,1.98730776035408
2.1999999999999993,0.09999999999999964,1.9689569207574622
2.5,0.09999999999999964,1.4512788461829713
2.8,0.09999999999999964,2.018233234553508
3.0999999999999996,0.09999999999999964,1.5479557099007986
3.4000000000000004,0.09999999999999964,1.208992998366314
3.6999999999999993,0.09999999999999964,0.7537902363993603
4,0.09999999999999964,0.8484988138811577
4.299999999999999,0.09999999999999964,0.4480850533820398
4.6,0.09999999999999964,0.364923242848545
4.9,0.09999999999999964,-0.07062457875726552
-5,0.39999999999999947,2.2123147582740788
-4.7,0.39999999999999947,1.5241728576487934
-4.4,0.39999999999999947,1.6411598998086343
-4.1,0.39999999999999947,0.3066913842763723
-3.8,0.39999999999999947,0.7118580827673879
-3.5,0.39999999999999947,0.41160258044891496
-3.2,0.39999999999999947,0.03300212784554074
-2.9,0.39999999999999947,0.6809867203194179
-2.6,0.39999999999999947,-0.34848213735592254
-2.3000000000000003,0.39999999999999947,0.0807695000524004
-2,0.39999999999999947,0.20359270071484348
-1.7000000000000002,0.39999999999999947,0.024827872172531622
-1.4000000000000004,0.39999999999999947,-0.2134416673427188
-1.1,0.39999999999999947,0.4608462812007218
-0.7999999999999998,0.39999999999999947,0.4032164012723003
-0.5,0.39999999999999947,0.2407677038591774
-0.20000000000000018,0.39999999999999947,0.3735024971875764
0.09999999999999964,0.39999999999999947,1.6551653423995574
0.39999999999999947,0.39999999999999947,1.0602510350730272
0.7000000000000002,0.39999999999999947,0.9237501198279126
1,0.39999999999999947,1.8265693178080593
1.2999999999999998,0.39999999999999947,1.904708722144048
1.5999999999999996,0.39999999999999947,1.5011009776548863
1.8999999999999995,0.39999999999999947,1.3650586379834388
2.1999999999999993,0.39999999999999947,1.8964989800724779
2.5,0.39999999999999947,2.200351732420949
2.8,0.39999999999999947,1.9243885537215055
3.0999999999999996,0.39999999999999947,1.4157284486395594
3.4000000000000004,0.39999999999999947,1.1081931182791445
3.6999999999999993,0.39999999999999947,1.2111517130018379
4,0.39999999999999947,0.9380672788197082
4.299999999999999,0.39999999999999947,0.8441506296746921
4.6,0.39999999999999947,0.31772672564004856
4.9,0.39999999999999947,0.5168953453125651
-5,0.7000000000000002,1.3548141481204699
-4.7,0.7000000000000002,1.3278298987061705
-4.4,0.7000000000000002,1.4389404266756651
-4.1,0.7000000000000002,1.2822124608727767
-3.8,0.7000000000000002,0.16428571426080052
-3.5,0.7000000000000002,0.5444240829623573
-3.2,0.7000000000000002,0.48053337810667884
-2.9,0.7000000000000002,-0.3202236270640248
-2.6,0.7000000000000002,0.11830981146846484
-2.3000000000000003,0.7000000000000002,-0.3651801662580711
-2,0.7000000000000002,0.15375741162123974
-1.7000000000000002,0.7000000000000002,0.030935118208892137
-1.4000000000000004,0.7000000000000002,0.17787035733559384
-1.1,0.7000000000000002,0.11273203090055707
-0.7999999999999998,0.7000000000000002,0.5091541998983501
-0.5,0.7000000000000002,0.8719911271991269
-0.20000000000000018,0.7000000000000002,1.27781130903586
0.09999999999999964,0.7000000000000002,0.918651288557869
0.39999999999999947,0.7000000000000002,0.48710634452981216
0.7000000000000002,0.7000000000000002,1.387899110312497
1,0.7000000000000002,1.6262795644479313
1.2999999999999998,0.7000000000000002,1.6630557341134349
1.5999999999999996,0.7000000000000002,1.9757575575357635
1.8999999999999995,0.7000000000000002,2.1491686443432787
2.1999999999999993,0.7000000000000002,1.6740146991006881
2.5,0.7000000000000002,1.6683239396922647
2.8,0.7000000000000002,1.7509236987379382
3.0999999999999996,0.7000000000000002,1.2965622463723865
3.4000000000000004,0.7000000000000002,1.2838494957319035
3.6999999999999993,0.7000000000000002,0.43933909924205894
4,0.7000000000000002,0.45291105116654884
4.299999999999999,0.7000000000000002,0.15493015591661136
4.6,0.7000000000000002,0.0783986946395202
4.9,0.7000000000000002,-0.06288253609658936
-5,1,1.5682007474190047
-4.7,1,1.571078807832701
-4.4,1,0.8479326091653825
-4.1,1,0.5356208819049909
-3.8,1,0.2827820653337108
-3.5,1,0.23734194128215874
-3.2,1,0.07564255247427003
-2.9,1,0.10956052546839479
-2.6,1,-0.2728237228108679
-2.3000000000000003,1,-0.8908230674632894
-2,1,-0.3302971763593811
-1.7000000000000002,1,0.07499815010731614
-1.4000000000000004,1,0.15408664772375796
-1.1,1,-0.31072113498517273
-0.7999999999999998,1,-0.3648216951064977
-0.5,1,1.0447065145980972
-0.20000000000000018,1,0.4886619199890936
0.09999999999999964,1,0.7473860282846527
0.39999999999999947,1,1.137445526572727
0.7000000000000002,1,0.7436810702823131
1,1,1.1955970668893021
1.2999999999999998,1,1.096978215003501
1.5999999999999996,1,1.446794185433212
1.8999999999999995,1,1.7310716832241169
2.1999999999999993,1,1.2694481890887104
2.5,1,1.782998939983041
2.8,1,1.5678258430767866
3.0999999999999996,1,1.0398164594666857
3.4000000000000004,1,1.1738183617335014
3.6999999999999993,1,1.101727325989552
4,1,0.9566611418981079
4.299999999999999,1,0.33885391333764003
4.6,1,0.15584636381812836
4.9,1,-0.03145381987821779
-5,1.2999999999999998,1.6954612793572204
-4.7,1.2999999999999998,1.4234800226449198
-4.4,1.2999999999999998,1.1259816861043679
-4.1,1.2999999999999998,0.5579838845517977
-3.8,1.2999999999999998,0.5167747011660986
-3.5,1.2999999999999998,0.2922192064430827
-3.2,1.2999999999999998,-0.3556371674811443
-2.9,1.2999999999999998,-0.7445025413936958
-2.6,1.2999999999999998,-0.174363713979253
-2.3000000000000003,1.2999999999999998,-0.916555898273796
-2,1.2999999999999998,-0.4928482392634635
-1.7000000000000002,1.2999999999999998,-0.3965699987980383
-1.4000000000000004,1.2999999999999998,-0.22471996785196144
-1.1,1.2999999999999998,-0.20769075041174748
-0.7999999999999998,1.2999999999999998,-0.3108313260187509
-0.5,1.2999999999999998,0.4127116728927666
-0.20000000000000018,1.2999999999999998,0.8684921806904062
0.09999999999999964,1.2999999999999998,0.8504885938795839
0.39999999999999947,1.2999999999999998,0.2376915474517034
0.7000000000000002,1.2999999999999998,1.4572793107745452
1,1.2999999999999998,1.206759564276421
1.2999999999999998,1.2999999999999998,1.526098768271904
1.5999999999999996,1.2999999999999998,1.6508460882833216
1.8999999999999995,1.2999999999999998,1.47592457924635
2.1999999999999993,1.2999999999999998,1.4657956150757794
2.5,1.2999999999999998,1.7212648048577304
2.8,1.2999999999999998,1.504016759063072
3.0999999999999996,1.2999999999999998,1.4176731888517597
3.4000000000000004,1.2999999999999998,1.6303124354738938
3.6999999999999993,1.2999999999999998,0.8861412842352381
4,1.2999999999999998,0.5100604610207906
4.299999999999999,1.2999999999999998,-0.4509679883554747
4.6,1.2999999999999998,0.8009651508508898
4.9,1.2999999999999998,-0.34072907803691943
-5,1.5999999999999996,1.7559381194685022
-4.7,1.5999999999999996,0.9788464777621951
-4.4,1.5999999999999996,1.1176852278454712
-4.1,1.5999999999999996,0.3917679805503109
-3.8,1.5999999999999996,0.3387384497247914
-3.5,1.5999999999999996,0.015914453368729556
-3.2,1.5999999999999996,-0.31847643660721925
-2.9,1.5999999999999996,-0.4816343817850439
-2.6,1.5999999999999996,-0.28256746912228453
-2.3000000000000003,1.5999999999999996,-0.7377052306119423
-2,1.5999999999999996,-1.3241631417417894
-1.7000000000000002,1.5999999999999996,-0.7499161674523088
-1.4000000000000004,1.5999999999999996,-0.4514480508836673
-1.1,1.5999999999999996,-0.2990869543615817
-0.7999999999999998,1.5999999999999996,-0.1255098864872061
-0.5,1.5999999999999996,-0.6103335889374192
-0.20000000000000018,1.5999999999999996,0.23801962042106778
0.09999999999999964,1.5999999999999996,0.6569876665852472
0.39999999999999947,1.5999999999999996,0.98425537468837
0.7000000000000002,1.5999999999999996,0.7504130262396045
1,1.5999999999999996,0.9075035246766382
1.2999999999999998,1.5999999999999996,1.5954707864387059
1.5999999999999996,1.5999999999999996,0.7443526561873848
1.8999999999999995,1.5999999999999996,1.1543763605336013
2.1999999999999993,1.5999999999999996,1.4061081505768107
2.5,1.5999999999999996,0.7106805068432694
2.8,1.5999999999999996,1.154919493445903
3.0999999999999996,1.5999999999999996,1.4644486737533255
3.4000000000000004,1.5999999999999996,0.6947111832730705
3.6999999999999993,1.5999999999999996,0.3837752700371132
4,1.5999999999999996,0.37081458041459187
4.299999999999999,1.5999999999999996,-0.0910047540198035
4.6,1.5999999999999996,0.017966014499951638
4.9,1.5999999999999996,-0.1441004397639415
-5,1.8999999999999995,0.8083844786105441
-4.7,1.8999999999999995,0.2775050353374046
-4.4,1.8999999999999995,0.024749225240330797
-4.1,1.8999999999999995,0.010841142508211443
-3.8,1.8999999999999995,0.18857064878192842
-3.5,1.8999999999999995,-0.8716752176194026
-3.2,1.8999999999999995,-1.0644784991133105
-2.9,1.8999999999999995,-0.8775909065247027
-2.6,1.8999999999999995,-0.7040400401797615
-2.3000000000000003,1.8999999999999995,-1.187278325668366
-2,1.8999999999999995,-0.6827744069791077
-1.7000000000000002,1.8999999999999995,-0.8270791264551819
-1.4000000000000004,1.8999999999999995,-0.9005178427145084
-1.1,1.8999999999999995,-0.4743159530058558
-0.7999999999999998,1.8999999999999995,-0.42991140758300206
-0.5,1.8999999999999995,-0.47242436553871775
-0.20000000000000018,1.8999999999999995,-0.0392092413552185
0.09999999999999964,1.8999999999999995,0.32494318629602953
0.39999999999999947,1.8999999999999995,0.4722260490083111
0.7000000000000002,1.8999999999999995,0.3845576204696195
1,1.8999999999999995,1.0246912373523598
1.2999999999999998,1.8999999999999995,1.2590595798445028
1.5999999999999996,1.8999999999999995,1.0916727121858056
1.8999999999999995,1.8999999999999995,1.0927160276478187
2.1999999999999993,1.8999999999999995,1.0102412778372467
2.5,1.8999999999999995,1.6084966656500976
2.8,1.8999999999999995,0.9179850696587376
3.0999999999999996,1.8999999999999995,0.6176605341293082
3.4000000000000004,1.8999999999999995,-0.2923866860535798
3.6999999999999993,1.8999999999999995,-0.23821377668134674
4,1.8999999999999995,-0.030901618677169902
4.299999999999999,1.8999999999999995,-0.18133561402905818
4.6,1.8999999999999995,-0.37893308476365956
4.9,1.8999999999999995,-0.4049197696626408
-5,2.1999999999999993,0.5104799336189114
-4.7,2.1999999999999993,0.756037997180632
-4.4,2.1999999999999993,-0.09509069320927555
-4.1,2.1999999999999993,-0.4126437877545728
-3.8,2.1999999999999993,-0.6581906784756257
-3.5,2.1999999999999993,-0.30037588179282904
-3.2,2.1999999999999993,-0.7623082580217738
-2.9,2.1999999999999993,-0.6833629063769815
-2.6,2.1999999999999993,-1.1415217448675217
-2.3000000000000003,2.1999999999999993,-1.3296274657091716
-2,2.1999999999999993,-1.2981562144723366
-1.7000000000000002,2.1999999999999993,-1.7217264886007146
-1.4000000000000004,2.1999999999999993,-1.4390618591936193
-1.1,2.1999999999999993,-1.391426111699384
-0.7999999999999998,2.1999999999999993,-0.4689755986626671
-0.5,2.1999999999999993,-0.7566942086103703
-0.20000000000000018,2.1999999999999993,-0.11055708967007186
0.09999999999999964,2.1999999999999993,0.3467850355838802
0.39999999999999947,2.1999999999999993,0.06895727899025511
0.7000000000000002,2.1999999999999993,0.4282730309337092
1,2.1999999999999993,0.003958996187819586
1.2999999999999998,2.1999999999999993,0.4287264550945178
1.5999999999999996,2.1999999999999993,0.7868034762111968
1.8999999999999995,2.1999999999999993,0.900359376083549
2.1999999999999993,2.1999999999999993,0.5662580430550742
2.5,2.1999999999999993,1.5266782877008416
2.8,2.1999999999999993,0.4587220444638239
3.0999999999999996,2.1999999999999993,0.44557048590184345
3.4000000000000004,2.1999999999999993,0.41607489092519256
3.6999999999999993,2.1999999999999993,-0.015286161430844915
4,2.1999999999999993,-0.43952119842859394
4.299999999999999,2.1999999999999993,-0.1684834521194553
4.6,2.1999999999999993,-0.21618254928644282
4.9,2.1999999999999993,-0.899131318938636
-5,2.5,0.5093358623817057
-4.7,2.5,0.13436761163081168
-4.4,2.5,0.2582306873079836
-4.1,2.5,-0.6250311875538714
-3.8,2.5,0.17869324433459832
-3.5,2.5,-0.9321943610395482
-3.2,2.5,-1.4031570973056964
-2.9,2.5,-1.2536536287353148
-2.6,2.5,-1.2452672708111583
-2.3000000000000003,2.5,-0.8930434703955219
-2,2.5,-1.1423575365572516
-1.7000000000000002,2.5,-1.3512739093687227
-1.4000000000000004,2.5,-1.7330923359200954
-1.1,2.5,-1.4466970388477458
-0.7999999999999998,2.5,-1.0623277575783228
-0.5,2.5,-0.03965734481761507
-0.20000000000000018,2.5,-1.133533315426913
0.09999999999999964,2.5,0.0030842529758363657
0.39999999999999947,2.5,-0.2597505531012012
0.7000000000000002,2.5,0.6148366313699667
1,2.5,-0.040550937639641016
1.2999999999999998,2.5,0.4893443610950201
1.5999999999999996,2.5,0.2120037412312572
1.8999999999999995,2.5,0.8536182353369431
2.1999999999999993,2.5,1.0111413272119019
2.5,2.5,1.0783668921988847
2.8,2.5,0.6074492858141334
3.0999999999999996,2.5,0.7512072976319157
3.4000000000000004,2.5,0.3669945057233684
3.6999999999999993,2.5,-0.2751130422001136
4,2.5,-0.33140980848931245
4.299999999999999,2.5,-1.0017434124054896
4.6,2.5,-0.9844767947231641
4.9,2.5,-0.7520040127733016
-5,2.8,0.29882612633995387
-4.7,2.8,0.09658378520366276
-4.4,2.8,-0.5623599653743634
-4.1,2.8,-0.6637497138416876
-3.8,2.8,-0.9511614024553519
-3.5,2.8,-0.8367610011645343
-3.2,2.8,-1.4668693375797732
-2.9,2.8,-1.1839806390132153
-2.6,2.8,-1.8284195151002585
-2.3000000000000003,2.8,-1.0357854707245182
-2,2.8,-1.4817578102107534
-1.7000000000000002,2.8,-1.8085272981239766
-1.4000000000000004,2.8,-1.4481482744388174
-1.1,2.8,-1.4968364506800356
-0.7999999999999998,2.8,-1.1062126654471742
-0.5,2.8,-0.9367201386932398
-0.20000000000000018,2.8,-1.0839140704253678
0.09999999999999964,2.8,-0.777841081689348
0.39999999999999947,2.8,-0.21591694597469285
0.7000000000000002,2.8,0.4025401585336726
1,2.8,0.42237958148812005
1.2999999999999998,2.8,0.054672373145230796
1.5999999999999996,2.8,0.5854311187707938
1.8999999999999995,2.8,0.36377802613601706
2.1999999999999993,2.8,0.4521868006404606
2.5,2.8,0.36704426203396984
2.8,2.8,0.936589242188758
3.0999999999999996,2.8,-0.3615739973831349
3.4000000000000004,2.8,-0.1808714846368054
3.6999999999999993,2.8,-0.9737585305087307
4,2.8,-0.5017849785526319
4.299999999999999,2.8,-0.5853773829118252
4.6,2.8,-0.6994322470380567
4.9,2.8,-1.9000514762946212
-5,3.0999999999999996,0.09161859723660613
-4.7,3.0999999999999996,0.26873443591430746
-4.4,3.0999999999999996,-0.5437785475977446
-4.1,3.0999999999999996,-0.7146940395828891
-3.8,3.0999999999999996,-0.9013939002075554
-3.5,3.0999999999999996,-1.014497271955525
-3.2,3.0999999999999996,-1.1388222209328667
-2.9,3.0999999999999996,-1.1258999261463383
-2.6,3.0999999999999996,-1.6907940038705451
-2.3000000000000003,3.0999999999999996,-1.6941143297402386
-2,3.0999999999999996,-1.0421889871045977
-1.7000000000000002,3.0999999999999996,-1.6375496712303501
-1.4000000000000004,3.0999999999999996,-1.6324892566070863
-1.1,3.0999999999999996,-1.962426563713535
-0.7999999999999998,3.0999999999999996,-1.385353374305255
-0.5,3.0999999999999996,-1.2448309354882459
-0.20000000000000018,3.0999999999999996,-0.9516467027865894
0.09999999999999964,3.0999999999999996,-0.8817253456417087
0.39999999999999947,3.0999999999999996,-0.680492882346224
0.7000000000000002,3.0999999999999996,-0.4740606388546842
1,3.0999999999999996,-0.13601001094994059
1.2999999999999998,3.0999999999999996,0.48382927442239526
1.5999999999999996,3.0999999999999996,0.4837271010274921
1.8999999999999995,3.0999999999999996,0.10170286136313493
2.1999999999999993,3.0999999999999996,-0.3126353664535345
2.5,3.0999999999999996,-0.1330923489646355
2.8,3.0999999999999996,-0.1420269821172633
3.0999999999999996,3.0999999999999996,-0.14354908815532816
3.4000000000000004,3.0999999999999996,-0.5785827602677586
3.6999999999999993,3.0999999999999996,-0.0064142720857307545
4,3.0999999999999996,-0.9290691509826166
4.299999999999999,3.0999999999999996,-1.4471964007169513
4.6,3.0999999999999996,-1.3441625817700085
4.9,3.0999999999999996,-1.792774310438361
-5,3.4000000000000004,-0.1087891539014321
-4.7,3.4000000000000004,-0.26261007943625425
-4.4,3.4000000000000004,-0.43632111935896534
-4.1,3.4000000000000004,-1.2610299718579956
-3.8,3.4000000000000004,-0.9476429604173654
-3.5,3.4000000000000004,-1.1542914873853691
-3.2,3.4000000000000004,-1.888126332070431
-2.9,3.4000000000000004,-1.3580601135030865
-2.6,3.4000000000000004,-1.5503200771711734
-2.3000000000000003,3.4000000000000004,-1.1865355491980725
-2,3.4000000000000004,-1.865001068220745
-1.7000000000000002,3.4000000000000004,-1.8762829055718744
-1.4000000000000004,3.4000000000000004,-1.7835630533437323
-1.1,3.4000000000000004,-1.6622473710208374
-0.7999999999999998,3.4000000000000004,-2.0641756353556504
-0.5,3.4000000000000004,-1.8031948212932818
-0.20000000000000018,3.4000000000000004,-1.0950182580435655
0.09999999999999964,3.4000000000000004,-1.0068438815927354
0.39999999999999947,3.4000000000000004,-0.5814508432586132
0.7000000000000002,3.4000000000000004,-1.0146146754492342
1,3.4000000000000004,-0.6446917468504627
1.2999999999999998,3.4000000000000004,-0.3804791658302426
1.5999999999999996,3.4000000000000004,0.3413949652153409
1.8999999999999995,3.4000000000000004,-0.24327521954341014
2.1999999999999993,3.4000000000000004,-0.17013823032729886
2.5,3.4000000000000004,0.020821211035939296
2.8,3.4000000000000004,-0.2249463448550707
3.0999999999999996,3.4000000000000004,-0.2541389499858578
3.4000000000000004,3.4000000000000004,0.1882944028937661
3.6999999999999993,3.4000000000000004,-1.0692231948751958
4,3.4000000000000004,-1.0624533967924796
4.299999999999999,3.4000000000000004,-1.3614645087306454
4.6,3.4000000000000004,-0.9714890406979454
4.9,3.4000000000000004,-1.8454301269898472
-5,3.6999999999999993,-0.25138088885879356
-4.7,3.6999999999999993,-0.16767903100845089
-4.4,3.6999999999999993,-0.9316935152740486
-4.1,3.6999999999999993,-0.34903870104017654
-3.8,3.6999999999999993,-0.8822465747083343
-3.5,3.6999999999999993,-1.6408074460490172
-3.2,3.6999999999999993,-1.396539406743811
-2.9,3.6999999999999993,-1.7797809000341782
-2.6,3.6999999999999993,-1.7627216609432224
-2.3000000000000003,3.6999999999999993,-1.9745328682911534
-2,3.6999999999999993,-1.6619761050420083
-1.7000000000000002,3.6999999999999993,-2.3667520311803227
-1.4000000000000004,3.6999999999999993,-2.040442764369286
-1.1,3.6999999999999993,-1.8290533952595953
-0.7999999999999998,3.6999999999999993,-1.8794923718517982
-0.5,3.6999999999999993,-1.6849621684725151
-0.20000000000000018,3.6999999999999993,-1.1482695918212513
0.09999999999999964,3.6999999999999993,-0.9432951589218543
0.39999999999999947,3.6999999999999993,-1.4337935848430186
0.7000000000000002,3.6999999999999993,-0.14019907839730988
1,3.6999999999999993,-0.19128350133892644
1.2999999999999998,3.6999999999999993,0.6037091261538307
1.5999999999999996,3.6999999999999993,0.1800180186705477
1.8999999999999995,3.6999999999999993,-0.118934961747021
2.1999999999999993,3.6999999999999993,0.8378143481910411
2.5,3.6999999999999993,0.7754079209663276
2.8,3.6999999999999993,-0.5648549328366399
3.0999999999999996,3.6999999999999993,-0.22847346844166733
3.4000000000000004,3.6999999999999993,-0.6377172189516345
3.6999999999999993,3.6999999999999993,-0.7468457011735692
4,3.6999999999999993,-0.9736686378909423
4.299999999999999,3.6999999999999993,-1.6561257643102891
4.6,3.6999999999999993,-1.4106497463169612
4.9,3.6999999999999993,-1.1609293928222733
-5,4,-0.29071928172726574
-4.7,4,-0.4674345912755461
-4.4,4,-0.20928221534903563
-4.1,4,-0.5908100363186418
-3.8,4,-1.5942612076257405
-3.5,4,-1.2647158339720017
-3.2,4,-1.0515860418185592
-2.9,4,-1.3059433148492618
-2.6,4,-1.7454422741580007
-2.3000000000000003,4,-1.745911529813333
-2,4,-2.3569489424928634
-1.7000000000000002,4,-1.8861199081656574
-1.4000000000000004,4,-2.1847298985276047
-1.1,4,-1.9064390751228057
-0.7999999999999998,4,-1.3148091120232643
-0.5,4,-1.7287810516107467
-0.20000000000000018,4,-1.0775375071470819
0.09999999999999964,4,-0.7898804699841178
0.39999999999999947,4,-0.6672546242267468
0.7000000000000002,4,0.0795480686767549
1,4,-0.5876428834678054
1.2999999999999998,4,0.04594852987926509
1.5999999999999996,4,-0.06695808574072844
1.8999999999999995,4,-0.07783430496934736
2.1999999999999993,4,0.12308691149857989
2.5,4,-0.3951175261742505
2.8,4,-0.6080141256658544
3.0999999999999996,4,-0.5322647806340682
3.4000000000000004,4,-0.06355346119610195
3.6999999999999993,4,-0.8009690755167638
4,4,-0.9572385997539675
4.299999999999999,4,-1.3492470795135822
4.6,4,-1.369916263564329
4.9,4,-1.9859449274307024
-5,4.299999999999999,0.14836969666085392
-4.7,4.299999999999999,-0.2006561628165179
-4.4,4.299999999999999,-0.8283008268807004
-4.1,4.299999999999999,-0.8014740976028419
-3.8,4.299999999999999,-0.8423244390845315
-3.5,4.299999999999999,-1.1234747941571903
-3.2,4.299999999999999,-1.0605811702817285
-2.9,4.299999999999999,-1.871933709116373
-2.6,4.299999999999999,-1.494097933478065
-2.3000000000000003,4.299999999999999,-1.608824531787749
-2,4.299999999999999,-2.004124481230028
-1.7000000000000002,4.299999999999999,-2.226448548899548
-1.4000000000000004,4.299999999999999,-2.1826499380595266
-1.1,4.299999999999999,-1.5892087301331446
-0.7999999999999998,4.299999999999999,-1.574339400096327
-0.5,4.299999999999999,-0.8114934808708821
-0.20000000000000018,4.299999999999999,-0.9545827570830511
0.09999999999999964,4.299999999999999,-0.9874747071975427
0.39999999999999947,4.299999999999999,-0.9489020525506833
0.7000000000000002,4.299999999999999,-0.5993402430783585
1,4.299999999999999,-0.1355833298489444
1.2999999999999998,4.299999999999999,-0.22868210549132337
1.5999999999999996,4.299999999999999,0.1564789577407655
1.8999999999999995,4.299999999999999,-0.057397210293018086
2.1999999999999993,4.299999999999999,-0.005319594118390544
2.5,4.299999999999999,-0.26566141363433304
2.8,4.299999999999999,0.400023061939365
3.0999999999999996,4.299999999999999,-0.24164516137083647
3.4000000000000004,4.299999999999999,-0.4774016767958144
3.6999999999999993,4.299999999999999,-1.2827683951886533
4,4.299999999999999,-0.8162425121804485
4.299999999999999,4.299999999999999,-1.5568913276971472
4.6,4.299999999999999,-1.7360317182796794
4.9,4.299999999999999,-1.3824498760419777
-5,4.6,-0.23753413238664273
-4.7,4.6,-0.8032999200143129
-4.4,4.6,0.041885757769182075
-4.1,4.6,-1.4337826440886312
-3.8,4.6,-0.7881009611008283
-3.5,4.6,-0.8883398091726236
-3.2,4.6,-1.5971722301673885
-2.9,4.6,-1.457471762348887
-2.6,4.6,-1.599920296733052
-2.3000000000000003,4.6,-1.510322484020196
-2,4.6,-1.7128702203978505
-1.7000000000000002,4.6,-1.9098561699051757
-1.4000000000000004,4.6,-1.4838292585365438
-1.1,4.6,-1.3890786056881412
-0.7999999999999998,4.6,-1.7366925853452315
-0.5,4.6,-1.6681810062494717
-0.20000000000000018,4.6,-0.9697613783583948
0.09999999999999964,4.6,-0.8608004522054843
0.39999999999999947,4.6,-0.8396216068946734
0.7000000000000002,4.6,-0.30216103196670857
1,4.6,-0.5371693007886509
1.2999999999999998,4.6,0.0522456988990961
1.5999999999999996,4.6,-0.08798908971545294
1.8999999999999995,4.6,0.42733299249122536
2.1999999999999993,4.6,0.8509746257439765
2.5,4.6,-0.2240227800224578
2.8,4.6,0.24308874262521074
3.0999999999999996,4.6,0.0033927423940947887
3.4000000000000004,4.6,-0.4703705313616926
3.6999999999999993,4.6,-0.8140240780649729
4,4.6,-0.44430826511843663
4.299999999999999,4.6,-1.7541620916285432
4.6,4.6,-1.5642541785759243
4.9,4.6,-1.9917257555702403
-5,4.9,0.4633638105934415
-4.7,4.9,-0.18950554846302375
-4.4,4.9,-0.49999311769473365
-4.1,4.9,0.38114649309281556
-3.8,4.9,-0.8284618830812001
-3.5,4.9,-1.1801456601141715
-3.2,4.9,-1.1714285777845925
-2.9,4.9,-1.914791546655052
-2.6,4.9,-1.438074903104206
-2.3000000000000003,4.9,-1.704864672874748
-2,4.9,-1.571048782680771
-1.7000000000000002,4.9,-1.9846085096149821
-1.4000000000000004,4.9,-1.919028311219198
-1.1,4.9,-1.6907959942801345
-0.7999999999999998,4.9,-1.5396250296885365
-0.5,4.9,-0.7117360687018837
-0.20000000000000018,4.9,-0.39760725447012885
0.09999999999999964,4.9,-0.6791856083408575
0.39999999999999947,4.9,-0.5051471239575964
0.7000000000000002,4.9,-0.2795581676039268
1,4.9,0.02609431785711797
1.2999999999999998,4.9,0.17944278095534497
1.5999999999999996,4.9,0.3329934602205863
1.8999999999999995,4.9,0.06267374526339645
2.1999999999999993,4.9,0.016052684093213143
2.5,4.9,0.556388009551197
2.8,4.9,-0.09230499964488642
3.0999999999999996,4.9,-0.006744750024962831
3.4000000000000004,4.9,-0.3199097068672925
3.6999999999999993,4.9,-0.8187912661492771
4,4.9,-0.5930882870024377
4.299999999999999,4.9,-0.9540995667659905
4.6,4.9,-0.804867016890281
4.9,4.9,-1.3789411297410192
